,Label,clean_motivation
0,0,recognition extraordinary services rendered discovery remarkable rays subsequently named
1,2,work serum therapy especially application diphtheria opened new road domain medical science thereby placed hands physician victorious weapon illness deaths
2,4,humanitarian efforts help wounded soldiers create international understanding
3,4,lifelong work international peace conferences diplomacy arbitration
4,3,special recognition poetic composition gives evidence lofty idealism artistic perfection rare combination qualities heart intellect
5,1,recognition extraordinary services rendered discovery laws chemical dynamics osmotic pressure solutions
6,1,recognition extraordinary services rendered work sugar purine syntheses
7,3,greatest living master art historical writing special reference monumental work IA history RomeI
8,4,eminently practical administration InterParliamentary Union
9,4,untiring skilful directorship Bern Peace Bureau
10,0,recognition extraordinary service rendered researches influence magnetism upon radiation phenomena
11,2,work malaria shown enters organism thereby laid foundation successful research disease methods combating
12,0,recognition extraordinary service rendered researches influence magnetism upon radiation phenomena
13,0,recognition extraordinary services rendered joint researches radiation phenomena discovered Professor Henri Becquerel
14,4,longstanding devoted effort favour ideas peace arbitration
15,0,recognition extraordinary services rendered discovery spontaneous radioactivity
16,0,recognition extraordinary services rendered joint researches radiation phenomena discovered Professor Henri Becquerel
17,1,recognition services advancement chemistry discovery elements radium polonium isolation radium study nature compounds remarkable element
18,2,recognition contribution treatment diseases especially lupus vulgaris concentrated light radiation whereby opened new avenue medical science
19,3,tribute noble magnificent versatile poetry always distinguished freshness inspiration rare purity spirit
20,1,recognition extraordinary services rendered advancement chemistry electrolytic theory dissociation
21,3,recognition numerous brilliant compositions individual original manner revived great traditions Spanish drama
22,0,investigations densities important gases discovery argon connection studies
23,4,striving public law develop peaceful ties nations make laws war humane
24,1,recognition services discovery inert gaseous elements air determination place periodic system
25,2,recognition work physiology digestion knowledge vital aspects subject transformed enlarged
26,3,recognition fresh originality true inspiration poetic production faithfully reflects natural scenery native spirit people addition significant work Provenccedilal philologist
27,1,recognition services advancement organic chemistry chemical industry work organic dyes hydroaromatic compounds
28,3,outstanding merits epic writer
29,0,work cathode rays
30,4,audacity oppose horrors war
31,2,investigations discoveries relation tuberculosis
32,3,consideration deep learning critical research tribute creative energy freshness style lyrical force characterize poetic masterpieces
33,4,role bringing end bloody war recently waged two worlds great powers Japan Russia
34,0,recognition great merits theoretical experimental investigations conduction electricity gases
35,2,recognition work structure nervous system
36,1,recognition great services rendered investigation isolation element fluorine adoption service science electric furnace called
37,2,recognition work structure nervous system
38,2,recognition work role played protozoa causing diseases
39,1,biochemical researches discovery cellfree fermentation
40,3,consideration power observation originality imagination virility ideas remarkable talent narration characterize creations worldfamous author
41,4,decisive influence upon conduct outcome Hague Geneva Conferences
42,4,work press peace meetings public private understanding France Italy
43,0,optical precision instruments spectroscopic metrological investigations carried aid
44,1,investigations disintegration elements chemistry radioactive substances
45,3,recognition earnest search truth penetrating power thought wide range vision warmth strength presentation numerous works vindicated developed idealistic philosophy life
46,4,long time work cause peace politicians peace society leaders orators authors
47,2,recognition work immunity
48,2,recognition work immunity
49,4,long time work cause peace politicians peace society leaders orators authors
50,0,method reproducing colours photographically based phenomenon interference
51,0,recognition contributions development wireless telegraphy
52,2,work physiology pathology surgery thyroid gland
53,3,appreciation lofty idealism vivid imagination spiritual perception characterize writings
54,1,recognition work catalysis investigations fundamental principles governing chemical equilibria rates reaction
55,0,recognition contributions development wireless telegraphy
56,4,prominent position international movement peace arbitration
57,4,prominent position international movement peace arbitration
58,3,tribute consummate artistry permeated idealism demonstrated long productive career lyric poet dramatist novelist writer worldrenowned short stories
59,4,acting link peace societies various countries helping organize world rallies international peace movement
60,0,work equation state gases liquids
61,2,recognition contributions knowledge cell chemistry made work proteins including nucleic substances
62,1,recognition services organic chemistry chemical industry pioneer work field alicyclic compounds
63,4,effort expose fight considers main cause war namely anarchy international relations
64,4,role cofounder Institut de droit international initiator Conferences International Private Law Conférences de Droit international privé Hague pioneer field international legal relations
65,0,recognition extraordinary services rendered joint researches radiation phenomena discovered Professor Henri Becquerel
66,1,recognition services advancement chemistry discovery elements radium polonium isolation radium study nature compounds remarkable element
67,0,discoveries regarding laws governing radiation heat
68,3,appreciation manysided literary activities especially dramatic works distinguished wealth imagination poetic fancy reveals sometimes guise fairy tale deep inspiration mysterious way appeal readers feelings stimulate imaginations
69,2,work dioptrics eye
70,3,primarily recognition fruitful varied outstanding production realm dramatic art
71,2,recognition work vascular suture transplantation blood vessels organs
72,1,method hydrogenating organic compounds presence finely disintegrated metals whereby progress organic chemistry greatly advanced recent years
73,1,discovery socalled Grignard reagent recent years greatly advanced progress organic chemistry
74,0,invention automatic regulators use conjunction gas accumulators illuminating lighthouses buoys
75,4,bringing better understanding countries North South America initiating important arbitration agreements United States countries
76,2,recognition work anaphylaxis
77,1,recognition work linkage atoms molecules thrown new light earlier investigations opened new fields research especially inorganic chemistry
78,4,unparalleled contribution organization peaceful internationalism
79,3,profoundly sensitive fresh beautiful verse consummate skill made poetic thought expressed English words part literature West
80,0,investigations properties matter low temperatures led inter alia production liquid helium
81,0,discovery diffraction Xrays crystals
82,2,work physiology pathology vestibular apparatus
83,1,recognition accurate determinations atomic weight large number chemical elements
84,0,services analysis crystal structure means Xrays
85,0,services analysis crystal structure means Xrays
86,1,researches plant pigments especially chlorophyll
87,3,tribute lofty idealism literary production sympathy love truth described different types human beings
88,3,recognition significance leading representative new era literature
89,4,efforts take care wounded soldiers prisoners war families
90,4,great work performed war behalf humanity
91,4,promoting principles Geneva Convention cooperation UN
92,0,discovery characteristic Roumlntgen radiation elements
93,3,varied rich poetry inspired lofty ideals
94,3,authentic descriptions presentday life Denmark
95,0,recognition services rendered advancement Physics discovery energy quanta
96,1,synthesis ammonia elements
97,4,role founder League Nations
98,2,discoveries relating immunity
99,0,discovery Doppler effect canal rays splitting spectral lines electric fields
100,3,special appreciation epic IOlympian SpringI
101,0,recognition service rendered precision measurements Physics discovery anomalies nickel steel alloys
102,1,recognition work thermochemistry
103,2,discovery capillary motor regulating mechanism
104,4,longstanding contribution cause peace justice prominent role establishment League Nations
105,3,monumental work IGrowth SoilI
106,3,recognition brilliant literary achievements characterized nobility style profound human sympathy grace true Gallic temperament
107,4,lifelong contributions cause peace organized internationalism
108,0,services Theoretical Physics especially discovery law photoelectric effect
109,1,contributions knowledge chemistry radioactive substances investigations origin nature isotopes
110,4,lifelong contributions cause peace organized internationalism
111,0,services investigation structure atoms radiation emanating
112,4,leading role repatriation prisoners war international relief work League Nations High Commissioner refugees
113,1,discovery means mass spectrograph isotopes large number nonradioactive elements enunciation wholenumber rule
114,2,discovery fixed relationship consumption oxygen metabolism lactic acid muscle
115,3,happy manner continued illustrious traditions Spanish drama
116,2,discovery relating production heat muscle
117,2,discovery insulin
118,2,discovery insulin
119,0,work elementary charge electricity photoelectric effect
120,1,invention method microanalysis organic substances
121,3,always inspired poetry highly artistic form gives expression spirit whole nation
122,3,great national epic IThe PeasantsI
123,2,discovery mechanism electrocardiogram
124,0,discoveries research field Xray spectroscopy
125,0,discovery laws governing impact electron upon atom
126,0,discovery laws governing impact electron upon atom
127,4,crucial role bringing Locarno Treaty
128,4,crucial role bringing Dawes Plan
129,1,demonstration heterogenous nature colloid solutions methods used since become fundamental modern colloid chemistry
130,3,work marked idealism humanity stimulating satire often infused singular poetic beauty
131,4,crucial role bringing Locarno Treaty
132,4,crucial role bringing Locarno Treaty
133,3,idealistically inspired writings plastic clarity picture life native island depth sympathy deal human problems general
134,2,discovery Spiroptera carcinoma
135,0,work discontinuous structure matter especially discovery sedimentation equilibrium
136,1,work disperse systems
137,3,recognition rich vitalizing ideas brilliant skill presented
138,4,contribution emergence France Germany public opinion favours peaceful international cooperation
139,0,discovery effect named
140,0,method making paths electrically charged particles visible condensation vapour
141,2,discovery therapeutic value malaria inoculation treatment dementia paralytica
142,1,investigations constitution bile acids related substances
143,4,contribution emergence France Germany public opinion favours peaceful international cooperation
144,2,work typhus
145,1,services rendered research constitution sterols connection vitamins
146,0,work thermionic phenomenon especially discovery law named
147,3,principally powerful descriptions Northern life Middle Ages
148,1,investigations fermentation sugar fermentative enzymes
149,1,investigations fermentation sugar fermentative enzymes
150,2,discovery antineuritic vitamin
151,0,discovery wave nature electrons
152,3,principally great novel IBuddenbrooksI steadily increased recognition one classic works contemporary literature
153,2,discovery growthstimulating vitamins
154,4,crucial role bringing BriandKellogg Pact
155,3,vigorous graphic art description ability create wit humour new types characters
156,2,discovery human blood groups
157,1,researches constitution haemin chlorophyll especially synthesis haemin
158,4,promoting Christian unity helping create new attitude mind necessary peace nations become reality
159,0,work scattering light discovery effect named
160,2,discovery nature mode action respiratory enzyme
161,1,recognition contributions invention development chemical high pressure methods
162,1,recognition contributions invention development chemical high pressure methods
163,3,poetry Erik Axel Karlfeldt
164,4,assiduous effort revive ideal peace rekindle spirit peace nation whole mankind
165,4,assiduous effort revive ideal peace rekindle spirit peace nation whole mankind
166,2,discoveries regarding functions neurons
167,2,discoveries regarding functions neurons
168,0,creation quantum mechanics application inter alia led discovery allotropic forms hydrogen
169,3,distinguished art narration takes highest form IThe Forsyte SagaI
170,1,discoveries investigations surface chemistry
171,0,discovery new productive forms atomic theory
172,0,discovery new productive forms atomic theory
173,4,exposed pen illusion war presented convincing plea international cooperation peace
174,2,discoveries concerning role played chromosome heredity
175,3,strict artistry carried classical Russian traditions prose writing
176,2,discoveries concerning liver therapy cases anaemia
177,1,discovery heavy hydrogen
178,3,bold ingenious revival dramatic scenic art
179,2,discoveries concerning liver therapy cases anaemia
180,2,discoveries concerning liver therapy cases anaemia
181,4,untiring struggle courageous efforts Chairman League Nations Disarmament Conference 193134
182,1,recognition synthesis new radioactive elements
183,1,recognition synthesis new radioactive elements
184,0,discovery neutron
185,2,discovery organizer effect embryonic development
186,4,burning love freedom thought expression valuable contribution cause peace
187,1,contributions knowledge molecular structure investigations dipole moments diffraction Xrays electrons gases
188,2,discoveries relating chemical transmission nerve impulses
189,0,discovery cosmic radiation
190,2,discoveries relating chemical transmission nerve impulses
191,0,discovery positron
192,4,role father Argentine Antiwar Pact 1933 also used means mediate peace Paraguay Bolivia 1935
193,3,power honesty deepfelt emotions dramatic works embody original concept tragedy
194,0,experimental discovery diffraction electrons crystals
195,2,discoveries connection biological combustion processes special reference vitamin C catalysis fumaric acid
196,1,investigations carbohydrates vitamin C
197,0,experimental discovery diffraction electrons crystals
198,4,tireless effort support League Nations disarmament peace
199,3,artistic power truth depicted human conflict well fundamental aspects contemporary life novelcycle ILes ThibaultI
200,1,investigations carotenoids flavins vitamins B2
201,0,demonstrations existence new radioactive elements produced neutron irradiation related discovery nuclear reactions brought slow neutrons
202,1,work carotenoids vitamins
203,2,discovery role played sinus aortic mechanisms regulation respiration
204,4,carried work Fridtjof Nansen benefit refugees across Europe
205,3,rich truly epic descriptions peasant life China biographical masterpieces
206,2,discovery antibacterial effects prontosil
207,0,invention development cyclotron results obtained especially regard artificial radioactive elements
208,1,work polymethylenes higher terpenes
209,1,work sex hormones
210,3,deep understanding countrys peasantry exquisite art portrayed way life relationship Nature
211,2,discovery vitamin K
212,2,discovery chemical nature vitamin K
213,1,work use isotopes tracers study chemical processes
214,0,contribution development molecular ray method discovery magnetic moment proton
215,2,discoveries relating highly differentiated functions single nerve fibres
216,3,rare strength fertility poetic imagination combined intellectual curiosity wide scope bold freshly creative style
217,2,discoveries relating highly differentiated functions single nerve fibres
218,1,discovery fission heavy nuclei
219,4,efforts take care wounded soldiers prisoners war families
220,4,great work performed war behalf humanity
221,4,promoting principles Geneva Convention cooperation UN
222,0,resonance method recording magnetic properties atomic nuclei
223,0,discovery Exclusion Principle also called Pauli Principle
224,3,lyric poetry inspired powerful emotions made name symbol idealistic aspirations entire Latin American world
225,1,research inventions agricultural nutrition chemistry especially fodder preservation method
226,4,indefatigable work international understanding pivotal role establishing United Nations
227,2,discovery penicillin curative effect various infectious diseases
228,2,discovery penicillin curative effect various infectious diseases
229,2,discovery penicillin curative effect various infectious diseases
230,4,contribution creation peacepromoting religious brotherhood across national boundaries
231,0,invention apparatus produce extremely high pressures discoveries made therewith field high pressure physics
232,1,discovery enzymes crystallized
233,1,preparation enzymes virus proteins pure form
234,1,preparation enzymes virus proteins pure form
235,2,discovery production mutations means Xray irradiation
236,4,lifelong work cause peace
237,3,inspired writings growing boldness penetration exemplify classical humanitarian ideals high qualities style
238,2,discovery course catalytic conversion glycogen
239,2,discovery part played hormone anterior pituitary lobe metabolism sugar
240,0,investigations physics upper atmosphere especially discovery socalled Appleton layer
241,3,comprehensive artistically significant writings human problems conditions presented fearless love truth keen psychological insight
242,1,investigations plant products biological importance especially alkaloids
243,4,pioneering work international peace movement compassionate effort relieve human suffering thereby promoting fraternity nations
244,4,pioneering work international peace movement compassionate effort relieve human suffering thereby promoting fraternity nations
245,2,discovery course catalytic conversion glycogen
246,2,discovery high efficiency DDT contact poison several arthropods
247,3,outstanding pioneer contribution presentday poetry
248,1,research electrophoresis adsorption analysis especially discoveries concerning complex nature serum proteins
249,0,development Wilson cloud chamber method discoveries therewith fields nuclear physics cosmic radiation
250,2,discovery therapeutic value leucotomy certain psychoses
251,1,contributions field chemical thermodynamics particularly concerning behaviour substances extremely low temperatures
252,2,discovery functional organization interbrain coordinator activities internal organs
253,3,powerful artistically unique contribution modern American novel
254,4,lifelong effort conquer hunger want thereby helping remove major cause military conflict war
255,0,prediction existence mesons basis theoretical work nuclear forces
256,3,recognition varied significant writings champions humanitarian ideals freedom thought
257,4,work mediator Palestine 19481949
258,2,discoveries relating hormones adrenal cortex structure biological effects
259,2,discoveries relating hormones adrenal cortex structure biological effects
260,2,discoveries relating hormones adrenal cortex structure biological effects
261,1,discovery development diene synthesis
262,0,development photographic method studying nuclear processes discoveries regarding mesons made method
263,1,discovery development diene synthesis
264,4,devoted life fight war promotion social justice brotherhood among men nations
265,3,artistic vigour true independence mind endeavours poetry find answers eternal questions confronting mankind
266,0,pioneer work transmutation atomic nuclei artificially accelerated atomic particles
267,0,pioneer work transmutation atomic nuclei artificially accelerated atomic particles
268,1,discoveries chemistry transuranium elements
269,2,discoveries concerning yellow fever combat
270,1,discoveries chemistry transuranium elements
271,0,development new methods nuclear magnetic precision measurements discoveries connection therewith
272,1,invention partition chromatography
273,4,altruism reverence life tireless humanitarian work helped making idea brotherhood men nations living one
274,2,discovery streptomycin first antibiotic effective tuberculosis
275,1,invention partition chromatography
276,0,development new methods nuclear magnetic precision measurements discoveries connection therewith
277,3,deep spiritual insight artistic intensity novels penetrated drama human life
278,4,proposing supervising plan economic recovery Europe
279,2,discovery citric acid cycle
280,2,discovery coenzyme importance intermediary metabolism
281,0,demonstration phase contrast method especially invention phase contrast microscope
282,1,discoveries field macromolecular chemistry
283,3,mastery historical biographical description well brilliant oratory defending exalted human values
284,2,discovery ability poliomyelitis viruses grow cultures various types tissue
285,2,discovery ability poliomyelitis viruses grow cultures various types tissue
286,2,discovery ability poliomyelitis viruses grow cultures various types tissue
287,1,research nature chemical bond application elucidation structure complex substances
288,4,fight nuclear arms race East West
289,0,fundamental research quantum mechanics especially statistical interpretation wavefunction
290,0,coincidence method discoveries made therewith
291,3,mastery art narrative recently demonstrated IThe Old Man SeaI influence exerted contemporary style
292,4,efforts heal wounds war providing help protection refugees world
293,4,promoting fundamental rights refugees
294,3,vivid epic power renewed great narrative art Iceland
295,0,precision determination magnetic moment electron
296,0,discoveries concerning fine structure hydrogen spectrum
297,2,discoveries concerning nature mode action oxidation enzymes
298,1,work biochemically important sulphur compounds especially first synthesis polypeptide hormone
299,2,discoveries concerning heart catheterization pathological changes circulatory system
300,2,discoveries concerning heart catheterization pathological changes circulatory system
301,0,researches semiconductors discovery transistor effect
302,1,researches mechanism chemical reactions
303,1,researches mechanism chemical reactions
304,0,researches semiconductors discovery transistor effect
305,0,jointly developed theory superconductivity usually called BCStheory
306,0,researches semiconductors discovery transistor effect
307,2,discoveries concerning heart catheterization pathological changes circulatory system
308,3,lyrical poetry Spanish language constitutes example high spirit artistical purity
309,0,penetrating investigation socalled parity laws led important discoveries regarding elementary particles
310,4,crucial contribution deployment United Nations Emergency Force wake Suez Crisis
311,1,work nucleotides nucleotide coenzymes
312,0,penetrating investigation socalled parity laws led important discoveries regarding elementary particles
313,3,important literary production clearsighted earnestness illuminates problems human conscience times
314,2,discoveries relating synthetic compounds inhibit action certain body substances especially action vascular system skeletal muscles
315,1,work structure proteins especially insulin
316,1,contributions concerning determination base sequences nucleic acids
317,4,efforts help refugees leave camps return life freedom dignity
318,2,discovery genes act regulating definite chemical events
319,2,discoveries concerning genetic recombination organization genetic material bacteria
320,3,important achievement contemporary lyrical poetry field great Russian epic tradition
321,0,discovery interpretation Cherenkov effect
322,0,discovery interpretation Cherenkov effect
323,0,discovery interpretation Cherenkov effect
324,2,discovery genes act regulating definite chemical events
325,2,discovery mechanisms biological synthesis ribonucleic acid deoxyribonucleic acid
326,1,discovery development polarographic methods analysis
327,0,discovery antiproton
328,0,discovery antiproton
329,2,discovery mechanisms biological synthesis ribonucleic acid deoxyribonucleic acid
330,4,longstanding contribution cause disarmament peace
331,3,lyrical poetry classical fire expresses tragic experience life times
332,2,discovery acquired immunological tolerance
333,0,invention bubble chamber
334,2,discovery acquired immunological tolerance
335,3,soaring flight evocative imagery poetry visionary fashion reflects conditions time
336,4,nonviolent struggle apartheid
337,1,method use carbon14 age determination archaeology geology geophysics branches science
338,0,researches concerning resonance absorption gamma radiation discovery connection effect bears name
339,4,developing UN effective constructive international organization capable giving life principles aims expressed UN Charter
340,2,discoveries physical mechanism stimulation within cochlea
341,3,epic force traced themes depicted human destinies drawn history country
342,1,research carbon dioxide assimilation plants
343,0,pioneering studies electron scattering atomic nuclei thereby achieved discoveries concerning structure nucleons
344,2,discoveries concerning molecular structure nucleic acids significance information transfer living material
345,2,discoveries concerning molecular structure nucleic acids significance information transfer living material
346,2,discoveries concerning molecular structure nucleic acids significance information transfer living material
347,1,research nature chemical bond application elucidation structure complex substances
348,4,fight nuclear arms race East West
349,1,studies structures globular proteins
350,1,studies structures globular proteins
351,0,pioneering theories condensed matter especially liquid helium
352,3,realistic imaginative writings combining sympathetic humour keen social perception
353,2,discoveries concerning ionic mechanisms involved excitation inhibition peripheral central portions nerve cell membrane
354,2,discoveries concerning ionic mechanisms involved excitation inhibition peripheral central portions nerve cell membrane
355,2,discoveries concerning ionic mechanisms involved excitation inhibition peripheral central portions nerve cell membrane
356,0,discoveries concerning nuclear shell structure
357,0,contributions theory atomic nucleus elementary particles particularly discovery application fundamental symmetry principles
358,4,efforts take care wounded soldiers prisoners war families
359,4,great work performed war behalf humanity
360,4,promoting principles Geneva Convention cooperation UN
361,4,promoting principles Geneva Convention cooperation UN
362,3,eminent lyrical writing inspired deep feeling Hellenic world culture
363,0,discoveries concerning nuclear shell structure
364,1,discoveries field chemistry technology high polymers
365,1,discoveries field chemistry technology high polymers
366,0,fundamental work field quantum electronics led construction oscillators amplifiers based maserlaser principle
367,3,work rich ideas filled spirit freedom quest truth exerted farreaching influence age
368,4,nonviolent struggle civil rights AfroAmerican population
369,0,fundamental work field quantum electronics led construction oscillators amplifiers based maserlaser principle
370,2,discoveries concerning mechanism regulation cholesterol fatty acid metabolism
371,0,fundamental work field quantum electronics led construction oscillators amplifiers based maserlaser principle
372,2,discoveries concerning mechanism regulation cholesterol fatty acid metabolism
373,1,determinations Xray techniques structures important biochemical substances
374,1,outstanding achievements art organic synthesis
375,2,discoveries concerning genetic control enzyme virus synthesis
376,2,discoveries concerning genetic control enzyme virus synthesis
377,2,discoveries concerning genetic control enzyme virus synthesis
378,4,effort enhance solidarity nations reduce difference rich poor states
379,0,fundamental work quantum electrodynamics deepploughing consequences physics elementary particles
380,3,artistic power integrity epic given expression historic phase life Russian people
381,0,fundamental work quantum electrodynamics deepploughing consequences physics elementary particles
382,0,fundamental work quantum electrodynamics deepploughing consequences physics elementary particles
383,2,discoveries concerning hormonal treatment prostatic cancer
384,3,profoundly characteristic narrative art motifs life Jewish people
385,1,fundamental work concerning chemical bonds electronic structure molecules molecular orbital method
386,2,discovery tumourinducing viruses
387,3,outstanding lyrical dramatic writing interprets Israels destiny touching strength
388,0,discovery development optical methods studying Hertzian resonances atoms
389,2,discoveries concerning primary physiological chemical visual processes eye
390,2,discoveries concerning primary physiological chemical visual processes eye
391,1,studies extremely fast chemical reactions effected disturbing equilibrium means short pulses energy
392,3,vivid literary achievement deeprooted national traits traditions Indian peoples Latin America
393,1,studies extremely fast chemical reactions effected disturbing equilibrium means short pulses energy
394,1,studies extremely fast chemical reactions effected disturbing equilibrium means short pulses energy
395,2,discoveries concerning primary physiological chemical visual processes eye
396,0,contributions theory nuclear reactions especially discoveries concerning energy production stars
397,2,interpretation genetic code function protein synthesis
398,2,interpretation genetic code function protein synthesis
399,1,discovery reciprocal relations bearing name fundamental thermodynamics irreversible processes
400,4,struggle ensure rights man stipulated UN Declaration
401,2,interpretation genetic code function protein synthesis
402,0,decisive contributions elementary particle physics particular discovery large number resonance states made possible development technique using hydrogen bubble chamber data analysis
403,3,narrative mastery great sensibility expresses essence Japanese mind
404,1,contributions development concept conformation application chemistry
405,3,writing new forms novel drama destitution modern man acquires elevation
406,5,developed applied dynamic models analysis economic processes
407,0,contributions discoveries concerning classification elementary particles interactions
408,5,developed applied dynamic models analysis economic processes
409,4,creating international legislation insuring certain norms working conditions every country
410,2,discoveries concerning replication mechanism genetic structure viruses
411,2,discoveries concerning replication mechanism genetic structure viruses
412,2,discoveries concerning replication mechanism genetic structure viruses
413,1,contributions development concept conformation application chemistry
414,0,fundamental work discoveries magnetohydrodynamics fruitful applications different parts plasma physics
415,0,fundamental work discoveries concerning antiferromagnetism ferrimagnetism led important applications solid state physics
416,4,given wellfounded hope green revolution
417,1,discovery sugar nucleotides role biosynthesis carbohydrates
418,3,ethical force pursued indispensable traditions Russian literature
419,5,scientific work developed static dynamic economic theory actively contributed raising level analysis economic science
420,2,discoveries concerning humoral transmitters nerve terminals mechanism storage release inactivation
421,2,discoveries concerning humoral transmitters nerve terminals mechanism storage release inactivation
422,2,discoveries concerning humoral transmitters nerve terminals mechanism storage release inactivation
423,4,paving way meaningful dialogue East West
424,0,invention development holographic method
425,5,empirically founded interpretation economic growth led new deepened insight economic social structure process development
426,1,contributions knowledge electronic structure geometry molecules particularly free radicals
427,2,discoveries concerning mechanisms action hormones
428,3,poetry action elemental force brings alive continents destiny dreams
429,3,writing combination broad perspective time sensitive skill characterization contributed renewal German literature
430,2,discoveries concerning chemical structure antibodies
431,0,jointly developed theory superconductivity usually called BCStheory
432,1,contribution understanding connection chemical structure catalytic activity active centre ribonuclease molecule
433,1,work ribonuclease especially concerning connection amino acid sequence biologically active conformation
434,1,contribution understanding connection chemical structure catalytic activity active centre ribonuclease molecule
435,0,researches semiconductors discovery transistor effect
436,0,jointly developed theory superconductivity usually called BCStheory
437,5,pioneering contributions general economic equilibrium theory welfare theory
438,5,pioneering contributions general economic equilibrium theory welfare theory
439,0,jointly developed theory superconductivity usually called BCStheory
440,2,discoveries concerning chemical structure antibodies
441,0,theoretical predictions properties supercurrent tunnel barrier particular phenomena generally known Josephson effects
442,1,pioneering work performed independently chemistry organometallic called sandwich compounds
443,1,pioneering work performed independently chemistry organometallic called sandwich compounds
444,4,jointly negotiated cease fire Vietnam 1973
445,5,development inputoutput method application important economic problems
446,2,discoveries concerning organization elicitation individual social behaviour patterns
447,0,experimental discoveries regarding tunneling phenomena semiconductors superconductors respectively
448,0,experimental discoveries regarding tunneling phenomena semiconductors superconductors respectively
449,2,discoveries concerning organization elicitation individual social behaviour patterns
450,3,epic psychological narrative art introduced new continent literature
451,4,jointly negotiated cease fire Vietnam 1973
452,2,discoveries concerning organization elicitation individual social behaviour patterns
453,1,fundamental achievements theoretical experimental physical chemistry macromolecules
454,3,narrative art farseeing lands ages service freedom
455,5,pioneering work theory money economic fluctuations penetrating analysis interdependence economic social institutional phenomena
456,3,writings catch dewdrop reflect cosmos
457,2,discoveries concerning structural functional organization cell
458,0,pioneering research radio astrophysics Ryle observations inventions particular aperture synthesis technique Hewish decisive role discovery pulsars
459,0,pioneering research radio astrophysics Ryle observations inventions particular aperture synthesis technique Hewish decisive role discovery pulsars
460,2,discoveries concerning structural functional organization cell
461,4,contribution stabilize conditions Pacific rim area signing Nuclear NonProliferation Treaty
462,4,efforts secure develop human rights throughout world
463,5,pioneering work theory money economic fluctuations penetrating analysis interdependence economic social institutional phenomena
464,2,discoveries concerning structural functional organization cell
465,1,work stereochemistry enzymecatalyzed reactions
466,1,research stereochemistry organic molecules reactions
467,2,discoveries concerning interaction tumour viruses genetic material cell
468,0,discovery connection collective motion particle motion atomic nuclei development theory structure atomic nucleus based connection
469,0,discovery connection collective motion particle motion atomic nuclei development theory structure atomic nucleus based connection
470,0,discovery connection collective motion particle motion atomic nuclei development theory structure atomic nucleus based connection
471,5,contributions theory optimum allocation resources
472,5,contributions theory optimum allocation resources
473,3,distinctive poetry great artistic sensitivity interpreted human values sign outlook life illusions
474,2,discoveries concerning interaction tumour viruses genetic material cell
475,2,discoveries concerning interaction tumour viruses genetic material cell
476,4,struggle human rights Soviet Union disarmament cooperation nations
477,5,achievements fields consumption analysis monetary history theory demonstration complexity stabilization policy
478,1,studies structure boranes illuminating problems chemical bonding
479,4,courageous efforts founding movement put end violent conflict Northern Ireland
480,0,pioneering work discovery heavy elementary particle new kind
481,0,pioneering work discovery heavy elementary particle new kind
482,2,discoveries concerning new mechanisms origin dissemination infectious diseases
483,2,discoveries concerning new mechanisms origin dissemination infectious diseases
484,4,courageous efforts founding movement put end violent conflict Northern Ireland
485,3,human understanding subtle analysis contemporary culture combined work
486,0,fundamental theoretical investigations electronic structure magnetic disordered systems
487,5,pathbreaking contribution theory international trade international capital movements
488,5,pathbreaking contribution theory international trade international capital movements
489,0,fundamental theoretical investigations electronic structure magnetic disordered systems
490,0,fundamental theoretical investigations electronic structure magnetic disordered systems
491,2,discoveries concerning peptide hormone production brain
492,2,development radioimmunoassays peptide hormones
493,1,contributions nonequilibrium thermodynamics particularly theory dissipative structures
494,2,discoveries concerning peptide hormone production brain
495,4,worldwide respect human rights
496,3,creative poetic writing illuminates mans condition cosmos presentday society time representing great renewal traditions Spanish poetry wars
497,4,jointly negotiated peace Egypt Israel 1978
498,4,jointly negotiated peace Egypt Israel 1978
499,0,discovery cosmic microwave background radiation
500,2,discovery restriction enzymes application problems molecular genetics
501,2,discovery restriction enzymes application problems molecular genetics
502,2,discovery restriction enzymes application problems molecular genetics
503,0,discovery cosmic microwave background radiation
504,3,impassioned narrative art roots PolishJewish cultural tradition brings universal human conditions life
505,5,pioneering research decisionmaking process within economic organizations
506,0,basic inventions discoveries area lowtemperature physics
507,1,contribution understanding biological energy transfer formulation chemiosmotic theory
508,1,development use boron phosphoruscontaining compounds respectively important reagents organic synthesis
509,5,pioneering research economic development research particular consideration problems developing countries
510,5,pioneering research economic development research particular consideration problems developing countries
511,4,work bringing help suffering humanity
512,1,development use boron phosphoruscontaining compounds respectively important reagents organic synthesis
513,0,contributions theory unified weak electromagnetic interaction elementary particles including inter alia prediction weak neutral current
514,0,contributions theory unified weak electromagnetic interaction elementary particles including inter alia prediction weak neutral current
515,2,development computer assisted tomography
516,2,development computer assisted tomography
517,3,poetry background Greek tradition depicts sensuous strength intellectual clearsightedness modern mans struggle freedom creativeness
518,0,contributions theory unified weak electromagnetic interaction elementary particles including inter alia prediction weak neutral current
519,1,work structure proteins especially insulin
520,1,contributions concerning determination base sequences nucleic acids
521,2,discoveries concerning genetically determined structures cell surface regulate immunological reactions
522,2,discoveries concerning genetically determined structures cell surface regulate immunological reactions
523,5,creation econometric models application analysis economic fluctuations economic policies
524,1,fundamental studies biochemistry nucleic acids particular regard recombinantDNA
525,4,source inspiration repressed people especially Latin America
526,1,contributions concerning determination base sequences nucleic acids
527,0,discovery violations fundamental symmetry principles decay neutral Kmesons
528,0,discovery violations fundamental symmetry principles decay neutral Kmesons
529,3,uncompromising clearsightedness voices mans exposed condition world severe conflicts
530,2,discoveries concerning genetically determined structures cell surface regulate immunological reactions
531,5,analysis financial markets relations expenditure decisions employment production prices
532,3,writings marked broad outlook wealth ideas artistic power
533,2,discoveries concerning information processing visual system
534,0,contribution development laser spectroscopy
535,4,efforts heal wounds war providing help protection refugees world
536,4,promoting fundamental rights refugees
537,2,discoveries concerning functional specialization cerebral hemispheres
538,1,theories developed independently concerning course chemical reactions
539,1,theories developed independently concerning course chemical reactions
540,2,discoveries concerning information processing visual system
541,0,contribution development laser spectroscopy
542,0,contribution development highresolution electron spectroscopy
543,5,seminal studies industrial structures functioning markets causes effects public regulation
544,4,work disarmament nuclear weaponfree zones
545,3,novels short stories fantastic realistic combined richly composed world imagination reflecting continents life conflicts
546,2,discoveries concerning prostaglandins related biologically active substances
547,1,development crystallographic electron microscopy structural elucidation biologically important nucleic acidprotein complexes
548,2,discoveries concerning prostaglandins related biologically active substances
549,0,theory critical phenomena connection phase transitions
550,4,work disarmament nuclear weaponfree zones
551,2,discoveries concerning prostaglandins related biologically active substances
552,4,nonviolent struggle free trade unions human rights Poland
553,1,work mechanisms electron transfer reactions especially metal complexes
554,2,discovery mobile genetic elements
555,5,incorporated new analytical methods economic theory rigorous reformulation theory general equilibrium
556,3,novels perspicuity realistic narrative art diversity universality myth illuminate human condition world today
557,0,theoretical experimental studies nuclear reactions importance formation chemical elements universe
558,0,theoretical studies physical processes importance structure evolution stars
559,2,theories concerning specificity development control immune system discovery principle production monoclonal antibodies
560,2,theories concerning specificity development control immune system discovery principle production monoclonal antibodies
561,2,theories concerning specificity development control immune system discovery principle production monoclonal antibodies
562,3,poetry endowed freshness sensuality rich inventiveness provides liberating image indomitable spirit versatility man
563,4,role unifying leader figure nonviolent campaign resolve problem apartheid South Africa
564,1,development methodology chemical synthesis solid matrix
565,0,decisive contributions large project led discovery field particles W Z communicators weak interaction
566,0,decisive contributions large project led discovery field particles W Z communicators weak interaction
567,5,made fundamental contributions development systems national accounts hence greatly improved basis empirical economic analysis
568,4,spreading authoritative information creating awareness catastrophic consequences nuclear war
569,0,discovery quantized Hall effect
570,2,discoveries concerning regulation cholesterol metabolism
571,2,discoveries concerning regulation cholesterol metabolism
572,1,outstanding achievements development direct methods determination crystal structures
573,1,outstanding achievements development direct methods determination crystal structures
574,3,novel combines poets painters creativeness deepened awareness time depiction human condition
575,5,pioneering analyses saving financial markets
576,1,contributions concerning dynamics chemical elementary processes
577,1,contributions concerning dynamics chemical elementary processes
578,0,design scanning tunneling microscope
579,0,design scanning tunneling microscope
580,0,fundamental work electron optics design first electron microscope
581,1,contributions concerning dynamics chemical elementary processes
582,2,discoveries growth factors
583,2,discoveries growth factors
584,4,messenger mankind message one peace atonement dignity
585,3,wide cultural perspective poetic overtones fashions drama existence
586,5,development contractual constitutional bases theory economic political decisionmaking
587,1,development use molecules structurespecific interactions high selectivity
588,3,allembracing authorship imbued clarity thought poetic intensity
589,0,important breakthrough discovery superconductivity ceramic materials
590,1,development use molecules structurespecific interactions high selectivity
591,0,important breakthrough discovery superconductivity ceramic materials
592,2,discovery genetic principle generation antibody diversity
593,5,contributions theory economic growth
594,4,work lasting peace Central America
595,1,development use molecules structurespecific interactions high selectivity
596,4,preventing armed clashes creating conditions negotiations
597,0,neutrino beam method demonstration doublet structure leptons discovery muon neutrino
598,0,neutrino beam method demonstration doublet structure leptons discovery muon neutrino
599,0,neutrino beam method demonstration doublet structure leptons discovery muon neutrino
600,2,discoveries important principles drug treatment
601,1,determination threedimensional structure photosynthetic reaction centre
602,1,determination threedimensional structure photosynthetic reaction centre
603,1,determination threedimensional structure photosynthetic reaction centre
604,3,works rich nuance clearsightedly realistic evocatively ambiguous formed Arabian narrative art applies mankind
605,2,discoveries important principles drug treatment
606,2,discoveries important principles drug treatment
607,5,pioneering contributions theory markets efficient utilization resources
608,1,discovery catalytic properties RNA
609,1,discovery catalytic properties RNA
610,0,development ion trap technique
611,0,invention separated oscillatory fields method use hydrogen maser atomic clocks
612,2,discovery cellular origin retroviral oncogenes
613,0,development ion trap technique
614,5,clarification probability theory foundations econometrics analyses simultaneous economic structures
615,3,rich intensive prose restrained compassion forms challenging vision mans vulnerability
616,4,advocating peaceful solutions based upon tolerance mutual respect order preserve historical cultural heritage people
617,2,discovery cellular origin retroviral oncogenes
618,3,impassioned writing wide horizons characterized sensuous intelligence humanistic integrity
619,0,pioneering investigations concerning deep inelastic scattering electrons protons bound neutrons essential importance development quark model particle physics
620,0,pioneering investigations concerning deep inelastic scattering electrons protons bound neutrons essential importance development quark model particle physics
621,0,pioneering investigations concerning deep inelastic scattering electrons protons bound neutrons essential importance development quark model particle physics
622,5,pioneering work theory financial economics
623,5,pioneering work theory financial economics
624,2,discoveries concerning organ cell transplantation treatment human disease
625,4,leading role played radical changes EastWest relations
626,2,discoveries concerning organ cell transplantation treatment human disease
627,5,pioneering work theory financial economics
628,1,development theory methodology organic synthesis
629,5,discovery clarification significance transaction costs property rights institutional structure functioning economy
630,3,magnificent epic writing words Alfred Nobel great benefit humanity
631,2,discoveries concerning function single ion channels cells
632,0,discovering methods developed studying order phenomena simple systems generalized complex forms matter particular liquid crystals polymers
633,4,nonviolent struggle democracy human rights
634,2,discoveries concerning function single ion channels cells
635,1,contributions development methodology high resolution nuclear magnetic resonance NMR spectroscopy
636,3,poetic oeuvre great luminosity sustained historical vision outcome multicultural commitment
637,2,discoveries concerning reversible protein phosphorylation biological regulatory mechanism
638,1,contributions theory electron transfer reactions chemical systems
639,5,extended domain microeconomic analysis wide range human behaviour interaction including nonmarket behaviour
640,4,struggle social justice ethnocultural reconciliation based respect rights indigenous peoples
641,0,invention development particle detectors particular multiwire proportional chamber
642,2,discoveries concerning reversible protein phosphorylation biological regulatory mechanism
643,0,discovery new type pulsar discovery opened new possibilities study gravitation
644,0,discovery new type pulsar discovery opened new possibilities study gravitation
645,3,novels characterized visionary force poetic import gives life essential aspect American reality
646,5,renewed research economic history applying economic theory quantitative methods order explain economic institutional change
647,1,fundamental contributions establishment oligonucleotidebased sitedirected mutagenesis development protein studies
648,2,discoveries split genes
649,2,discoveries split genes
650,1,invention polymerase chain reaction PCR method
651,4,work peaceful termination apartheid regime laying foundations new democratic South Africa
652,5,renewed research economic history applying economic theory quantitative methods order explain economic institutional change
653,4,work peaceful termination apartheid regime laying foundations new democratic South Africa
654,2,discovery Gproteins role proteins signal transduction cells
655,2,discovery Gproteins role proteins signal transduction cells
656,1,contribution carbocation chemistry
657,0,development neutron spectroscopy
658,0,development neutron diffraction technique
659,3,poetic force creates imagined world life myth condense form disconcerting picture human predicament today
660,4,efforts create peace Middle East
661,4,efforts create peace Middle East
662,4,efforts create peace Middle East
663,5,pioneering analysis equilibria theory noncooperative games
664,5,pioneering analysis equilibria theory noncooperative games
665,5,pioneering analysis equilibria theory noncooperative games
666,0,detection neutrino
667,2,discoveries concerning genetic control early embryonic development
668,1,work atmospheric chemistry particularly concerning formation decomposition ozone
669,1,work atmospheric chemistry particularly concerning formation decomposition ozone
670,5,developed applied hypothesis rational expectations thereby transformed macroeconomic analysis deepened understanding economic policy
671,3,works lyrical beauty ethical depth exalt everyday miracles living past
672,1,work atmospheric chemistry particularly concerning formation decomposition ozone
673,2,discoveries concerning genetic control early embryonic development
674,4,efforts diminish part played nuclear arms international politics longer run eliminate arms
675,4,efforts diminish part played nuclear arms international politics longer run eliminate arms
676,0,discovery tau lepton
677,2,discoveries concerning genetic control early embryonic development
678,0,discovery superfluidity helium3
679,0,discovery superfluidity helium3
680,0,discovery superfluidity helium3
681,2,discoveries concerning specificity cell mediated immune defence
682,2,discoveries concerning specificity cell mediated immune defence
683,1,discovery fullerenes
684,3,poetry ironic precision allows historical biological context come light fragments human reality
685,4,work towards peaceful solution conflict East Timor
686,4,work towards peaceful solution conflict East Timor
687,1,discovery fullerenes
688,5,fundamental contributions economic theory incentives asymmetric information
689,1,discovery fullerenes
690,5,fundamental contributions economic theory incentives asymmetric information
691,3,emulates jesters Middle Ages scourging authority upholding dignity downtrodden
692,1,elucidation enzymatic mechanism underlying synthesis adenosine triphosphate ATP
693,1,first discovery iontransporting enzyme Na K ATPase
694,5,new method determine value derivatives
695,2,discovery Prions new biological principle infection
696,0,development methods cool trap atoms laser light
697,5,new method determine value derivatives
698,0,development methods cool trap atoms laser light
699,0,development methods cool trap atoms laser light
700,4,work banning clearing antipersonnel mines
701,4,work banning clearing antipersonnel mines
702,1,elucidation enzymatic mechanism underlying synthesis adenosine triphosphate ATP
703,5,contributions welfare economics
704,0,discovery new form quantum fluid fractionally charged excitations
705,3,parables sustained imagination compassion irony continually enables us apprehend elusory reality
706,0,discovery new form quantum fluid fractionally charged excitations
707,1,development densityfunctional theory
708,2,discoveries concerning nitric oxide signalling molecule cardiovascular system
709,2,discoveries concerning nitric oxide signalling molecule cardiovascular system
710,2,discoveries concerning nitric oxide signalling molecule cardiovascular system
711,1,development computational methods quantum chemistry
712,4,efforts find peaceful solution conflict Northern Ireland
713,4,efforts find peaceful solution conflict Northern Ireland
714,0,discovery new form quantum fluid fractionally charged excitations
715,3,whose frolicsome black fables portray forgotten face history
716,1,studies transition states chemical reactions using femtosecond spectroscopy
717,4,recognition organisations pioneering humanitarian work several continents
718,0,elucidating quantum structure electroweak interactions physics
719,0,elucidating quantum structure electroweak interactions physics
720,5,analysis monetary fiscal policy different exchange rate regimes analysis optimum currency areas
721,2,discovery proteins intrinsic signals govern transport localization cell
722,1,discovery development conductive polymers
723,3,œuvre universal validity bitter insights linguistic ingenuity opened new paths Chinese novel drama
724,5,development theory methods analyzing discrete choice
725,5,development theory methods analyzing selective samples
726,1,discovery development conductive polymers
727,1,discovery development conductive polymers
728,2,discoveries concerning signal transduction nervous system
729,0,developing semiconductor heterostructures used highspeed optoelectronics
730,0,developing semiconductor heterostructures used highspeed optoelectronics
731,4,work democracy human rights South Korea East Asia general peace reconciliation North Korea particular
732,2,discoveries concerning signal transduction nervous system
733,2,discoveries concerning signal transduction nervous system
734,0,part invention integrated circuit
735,5,analyses markets asymmetric information
736,4,work better organized peaceful world
737,4,work better organized peaceful world
738,3,united perceptive narrative incorruptible scrutiny works compel us see presence suppressed histories
739,5,analyses markets asymmetric information
740,5,analyses markets asymmetric information
741,1,work chirally catalysed oxidation reactions
742,1,development click chemistry bioorthogonal chemistry
743,1,work chirally catalysed hydrogenation reactions
744,1,work chirally catalysed hydrogenation reactions
745,0,achievement BoseEinstein condensation dilute gases alkali atoms early fundamental studies properties condensates
746,0,achievement BoseEinstein condensation dilute gases alkali atoms early fundamental studies properties condensates
747,0,achievement BoseEinstein condensation dilute gases alkali atoms early fundamental studies properties condensates
748,2,discoveries key regulators cell cycle
749,2,discoveries key regulators cell cycle
750,2,discoveries key regulators cell cycle
751,4,decades untiring effort find peaceful solutions international conflicts advance democracy human rights promote economic social development
752,3,writing upholds fragile experience individual barbaric arbitrariness history
753,5,integrated insights psychological research economic science especially concerning human judgment decisionmaking uncertainty
754,1,development nuclear magnetic resonance spectroscopy determining threedimensional structure biological macromolecules solution
755,1,development soft desorption ionisation methods mass spectrometric analyses biological macromolecules
756,1,development soft desorption ionisation methods mass spectrometric analyses biological macromolecules
757,5,established laboratory experiments tool empirical economic analysis especially study alternative market mechanisms
758,0,pioneering contributions astrophysics particular detection cosmic neutrinos
759,0,pioneering contributions astrophysics particular detection cosmic neutrinos
760,2,discoveries concerning genetic regulation organ development programmed cell death
761,2,discoveries concerning genetic regulation organ development programmed cell death
762,2,discoveries concerning genetic regulation organ development programmed cell death
763,0,pioneering contributions astrophysics led discovery cosmic Xray sources
764,4,efforts democracy human rights focused especially struggle rights women children
765,5,methods analyzing economic time series common trends cointegration
766,5,methods analyzing economic time series timevarying volatility ARCH
767,1,structural mechanistic studies ion channels
768,1,discovery water channels
769,0,pioneering contributions theory superconductors superfluids
770,0,pioneering contributions theory superconductors superfluids
771,2,discoveries concerning magnetic resonance imaging
772,2,discoveries concerning magnetic resonance imaging
773,3,innumerable guises portrays surprising involvement outsider
774,0,pioneering contributions theory superconductors superfluids
775,5,contributions dynamic macroeconomics time consistency economic policy driving forces behind business cycles
776,1,discovery ubiquitinmediated protein degradation
777,5,contributions dynamic macroeconomics time consistency economic policy driving forces behind business cycles
778,4,contribution sustainable development democracy peace
779,3,musical flow voices countervoices novels plays extraordinary linguistic zeal reveal absurdity societys clicheacutes subjugating power
780,1,discovery ubiquitinmediated protein degradation
781,0,discovery asymptotic freedom theory strong interaction
782,0,discovery asymptotic freedom theory strong interaction
783,0,discovery asymptotic freedom theory strong interaction
784,2,discoveries odorant receptors organization olfactory system
785,2,discoveries odorant receptors organization olfactory system
786,1,discovery ubiquitinmediated protein degradation
787,3,plays uncovers precipice everyday prattle forces entry oppressions closed rooms
788,5,enhanced understanding conflict cooperation gametheory analysis
789,4,efforts prevent nuclear energy used military purposes ensure nuclear energy peaceful purposes used safest possible way
790,4,efforts prevent nuclear energy used military purposes ensure nuclear energy peaceful purposes used safest possible way
791,1,development metathesis method organic synthesis
792,1,development metathesis method organic synthesis
793,5,enhanced understanding conflict cooperation gametheory analysis
794,0,contributions development laserbased precision spectroscopy including optical frequency comb technique
795,0,contributions development laserbased precision spectroscopy including optical frequency comb technique
796,0,contribution quantum theory optical coherence
797,2,discovery bacterium iHelicobacter pylorii role gastritis peptic ulcer disease
798,2,discovery bacterium iHelicobacter pylorii role gastritis peptic ulcer disease
799,1,development metathesis method organic synthesis
800,4,efforts create economic social development
801,4,efforts create economic social development
802,3,quest melancholic soul native city discovered new symbols clash interlacing cultures
803,5,analysis intertemporal tradeoffs macroeconomic policy
804,1,studies molecular basis eukaryotic transcription
805,0,discovery blackbody form anisotropy cosmic microwave background radiation
806,2,discovery RNA interference gene silencing doublestranded RNA
807,2,discovery RNA interference gene silencing doublestranded RNA
808,0,discovery blackbody form anisotropy cosmic microwave background radiation
809,5,laid foundations mechanism design theory
810,5,laid foundations mechanism design theory
811,5,laid foundations mechanism design theory
812,4,efforts build disseminate greater knowledge manmade climate change lay foundations measures needed counteract change
813,4,efforts build disseminate greater knowledge manmade climate change lay foundations measures needed counteract change
814,1,studies chemical processes solid surfaces
815,3,epicist female experience scepticism fire visionary power subjected divided civilisation scrutiny
816,0,discovery Giant Magnetoresistance
817,2,discoveries principles introducing specific gene modifications mice use embryonic stem cells
818,2,discoveries principles introducing specific gene modifications mice use embryonic stem cells
819,2,discoveries principles introducing specific gene modifications mice use embryonic stem cells
820,0,discovery Giant Magnetoresistance
821,4,important efforts several continents three decades resolve international conflicts
822,3,author new departures poetic adventure sensual ecstasy explorer humanity beyond reigning civilization
823,1,discovery development green fluorescent protein GFP
824,1,discovery development green fluorescent protein GFP
825,1,discovery development green fluorescent protein GFP
826,0,discovery origin broken symmetry predicts existence least three families quarks nature
827,5,analysis trade patterns location economic activity
828,0,discovery mechanism spontaneous broken symmetry subatomic physics
829,2,discovery human immunodeficiency virus
830,2,discovery human immunodeficiency virus
831,2,discovery human papilloma viruses causing cervical cancer
832,0,discovery origin broken symmetry predicts existence least three families quarks nature
833,5,analysis economic governance especially boundaries firm
834,5,analysis economic governance especially commons
835,4,extraordinary efforts strengthen international diplomacy cooperation peoples
836,3,concentration poetry frankness prose depicts landscape dispossessed
837,1,studies structure function ribosome
838,1,studies structure function ribosome
839,1,studies structure function ribosome
840,0,invention imaging semiconductor circuit CCD sensor
841,0,groundbreaking achievements concerning transmission light fibers optical communication
842,2,discovery chromosomes protected telomeres enzyme telomerase
843,2,discovery chromosomes protected telomeres enzyme telomerase
844,2,discovery chromosomes protected telomeres enzyme telomerase
845,0,invention imaging semiconductor circuit CCD sensor
846,5,analysis markets search frictions
847,3,cartography structures power trenchant images individuals resistance revolt defeat
848,5,analysis markets search frictions
849,4,long nonviolent struggle fundamental human rights China
850,1,palladiumcatalyzed cross couplings organic synthesis
851,5,analysis markets search frictions
852,1,palladiumcatalyzed cross couplings organic synthesis
853,0,groundbreaking experiments regarding twodimensional material graphene
854,0,groundbreaking experiments regarding twodimensional material graphene
855,2,development vitro fertilization
856,1,palladiumcatalyzed cross couplings organic synthesis
857,5,empirical research cause effect macroeconomy
858,4,nonviolent struggle safety women womens rights full participation peacebuilding work
859,4,nonviolent struggle safety women womens rights full participation peacebuilding work
860,4,nonviolent struggle safety women womens rights full participation peacebuilding work
861,3,condensed translucent images gives us fresh access reality
862,1,discovery quasicrystals
863,5,empirical research cause effect macroeconomy
864,0,discovery accelerating expansion Universe observations distant supernovae
865,0,discovery accelerating expansion Universe observations distant supernovae
866,2,discovery dendritic cell role adaptive immunity
867,2,discoveries concerning activation innate immunity
868,2,discoveries concerning activation innate immunity
869,0,discovery accelerating expansion Universe observations distant supernovae
870,5,theory stable allocations practice market design
871,5,theory stable allocations practice market design
872,4,six decades contributed advancement peace reconciliation democracy human rights Europe
873,3,hallucinatory realism merges folk tales history contemporary
874,1,studies Gproteincoupled receptors
875,1,studies Gproteincoupled receptors
876,0,groundbreaking experimental methods enable measuring manipulation individual quantum systems
877,2,discovery mature cells reprogrammed become pluripotent
878,2,discovery mature cells reprogrammed become pluripotent
879,0,groundbreaking experimental methods enable measuring manipulation individual quantum systems
880,5,empirical analysis asset prices
881,1,development multiscale models complex chemical systems
882,5,empirical analysis asset prices
883,5,empirical analysis asset prices
884,4,extensive efforts eliminate chemical weapons
885,3,master contemporary short story
886,1,development multiscale models complex chemical systems
887,1,development multiscale models complex chemical systems
888,0,theoretical discovery mechanism contributes understanding origin mass subatomic particles recently confirmed discovery predicted fundamental particle ATLAS CMS experiments CERNs Large Hadron Collider
889,0,theoretical discovery mechanism contributes understanding origin mass subatomic particles recently confirmed discovery predicted fundamental particle ATLAS CMS experiments CERNs Large Hadron Collider
890,2,discoveries machinery regulating vesicle traffic major transport system cells
891,2,discoveries machinery regulating vesicle traffic major transport system cells
892,2,discoveries machinery regulating vesicle traffic major transport system cells
893,5,analysis market power regulation
894,4,struggle suppression children young people right children education
895,3,art memory evoked ungraspable human destinies uncovered lifeworld occupation
896,1,development superresolved fluorescence microscopy
897,1,development superresolved fluorescence microscopy
898,1,development superresolved fluorescence microscopy
899,4,struggle suppression children young people right children education
900,0,invention efficient blue lightemitting diodes enabled bright energysaving white light sources
901,0,invention efficient blue lightemitting diodes enabled bright energysaving white light sources
902,2,discoveries cells constitute positioning system brain
903,2,discoveries cells constitute positioning system brain
904,2,discoveries cells constitute positioning system brain
905,0,invention efficient blue lightemitting diodes enabled bright energysaving white light sources
906,5,analysis consumption poverty welfare
907,4,decisive contribution building pluralistic democracy Tunisia wake Jasmine Revolution 2011
908,3,polyphonic writings monument suffering courage time
909,1,mechanistic studies DNA repair
910,1,mechanistic studies DNA repair
911,1,mechanistic studies DNA repair
912,0,discovery neutrino oscillations shows neutrinos mass
913,2,discoveries concerning novel therapy Malaria
914,2,discoveries concerning novel therapy infections caused roundworm parasites
915,2,discoveries concerning novel therapy infections caused roundworm parasites
916,0,discovery neutrino oscillations shows neutrinos mass
917,5,contributions contract theory
918,1,design synthesis molecular machines
919,5,contributions contract theory
920,4,resolute efforts bring countrys 50yearlong civil war end
921,1,design synthesis molecular machines
922,3,created new poetic expressions within great American song tradition
923,0,theoretical discoveries topological phase transitions topological phases matter
924,0,theoretical discoveries topological phase transitions topological phases matter
925,0,theoretical discoveries topological phase transitions topological phases matter
926,2,discoveries mechanisms autophagy
927,1,design synthesis molecular machines
928,4,work draw attention catastrophic humanitarian consequences use nuclear weapons groundbreaking efforts achieve treatybased prohibition weapons
929,3,novels great emotional force uncovered abyss beneath illusory sense connection world
930,1,developing cryoelectron microscopy highresolution structure determination biomolecules solution
931,1,developing cryoelectron microscopy highresolution structure determination biomolecules solution
932,1,developing cryoelectron microscopy highresolution structure determination biomolecules solution
933,0,decisive contributions LIGO detector observation gravitational waves
934,5,contributions behavioural economics
935,0,decisive contributions LIGO detector observation gravitational waves
936,2,discoveries molecular mechanisms controlling circadian rhythm
937,2,discoveries molecular mechanisms controlling circadian rhythm
938,2,discoveries molecular mechanisms controlling circadian rhythm
939,0,decisive contributions LIGO detector observation gravitational waves
940,3,narrative imagination encyclopedic passion represents crossing boundaries form life
941,5,integrating technological innovations longrun macroeconomic analysis
942,5,integrating climate change longrun macroeconomic analysis
943,4,efforts end use sexual violence weapon war armed conflict
944,4,efforts end use sexual violence weapon war armed conflict
945,1,phage display peptides antibodies
946,1,phage display peptides antibodies
947,1,directed evolution enzymes
948,0,method generating highintensity ultrashort optical pulses
949,0,optical tweezers application biological systems
950,2,discovery cancer therapy inhibition negative immune regulation
951,2,discovery cancer therapy inhibition negative immune regulation
952,0,method generating highintensity ultrashort optical pulses
953,1,development lithiumion batteries
954,5,experimental approach alleviating global poverty
955,5,experimental approach alleviating global poverty
956,3,influential work linguistic ingenuity explored periphery specificity human experience
957,5,experimental approach alleviating global poverty
958,1,development lithiumion batteries
959,4,efforts achieve peace international cooperation particular decisive initiative resolve border conflict neighbouring Eritrea
960,0,discovery exoplanet orbiting solartype star
961,0,discovery exoplanet orbiting solartype star
962,0,theoretical discoveries physical cosmology
963,2,discoveries cells sense adapt oxygen availability
964,2,discoveries cells sense adapt oxygen availability
965,2,discoveries cells sense adapt oxygen availability
966,1,development lithiumion batteries
967,5,improvements auction theory inventions new auction formats
968,5,improvements auction theory inventions new auction formats
969,4,efforts combat hunger contribution bettering conditions peace conflictaffected areas acting driving force efforts prevent use hunger weapon war conflict
970,3,unmistakable poetic voice austere beauty makes individual existence universal
971,1,development method genome editing
972,1,development method genome editing
973,0,discovery supermassive compact object centre galaxy
974,0,discovery black hole formation robust prediction general theory relativity
975,2,discovery Hepatitis C virus
976,2,discovery Hepatitis C virus
977,2,discovery Hepatitis C virus
978,0,discovery supermassive compact object centre galaxy
979,3,uncompromising compassionate penetration effects colonialism fate refugee gulf cultures continents
980,5,methodological contributions analysis causal relationships
981,5,empirical contributions labour economics
982,4,efforts safeguard freedom expression precondition democracy lasting peace
983,5,methodological contributions analysis causal relationships
984,4,efforts safeguard freedom expression precondition democracy lasting peace
985,1,development asymmetric organocatalysis
986,0,physical modelling Earth’s climate quantifying variability reliably predicting global warming
987,0,discovery interplay disorder fluctuations physical systems atomic planetary scales
988,0,physical modelling Earth’s climate quantifying variability reliably predicting global warming
989,2,discoveries receptors temperature touch
990,2,discoveries receptors temperature touch
991,1,development asymmetric organocatalysis
992,5,research banks financial crises
993,4,Peace Prize laureates represent civil society home countries many years promoted right criticise power protect fundamental rights citizens made outstanding effort document war crimes human right abuses abuse power Together demonstrate significance civil society peace democracy
994,4,Peace Prize laureates represent civil society home countries many years promoted right criticise power protect fundamental rights citizens made outstanding effort document war crimes human right abuses abuse power Together demonstrate significance civil society peace democracy
995,4,Peace Prize laureates represent civil society home countries many years promoted right criticise power protect fundamental rights citizens made outstanding effort document war crimes human right abuses abuse power Together demonstrate significance civil society peace democracy
996,3,courage clinical acuity uncovers roots estrangements collective restraints personal memory
997,1,development click chemistry bioorthogonal chemistry
998,0,experiments entangled photons establishing violation Bell inequalities pioneering quantum information science
999,0,experiments entangled photons establishing violation Bell inequalities pioneering quantum information science
1000,0,experiments entangled photons establishing violation Bell inequalities pioneering quantum information science
1001,2,discoveries concerning genomes extinct hominins human evolution
1002,1,work chirally catalysed oxidation reactions
1003,1,development click chemistry bioorthogonal chemistry
1004,5,research banks financial crises
1005,1,development click chemistry bioorthogonal chemistry
1006,5,research banks financial crises
